timestamp,SPY_close,EWA_close,EWC_close,EWJ_close,EWU_close,EWZ_close,EWW_close,EZU_close,IWM_close,MCHI_close
2022-04-01 04:00:00+00:00,452.92,26.69,40.22,61.93,33.93,39.14,55.36,43.66,207.57,54.75
2022-04-04 04:00:00+00:00,456.8,26.88,40.62,62.43,33.9,39.52,55.07,43.67,207.91,56.49
2022-04-05 04:00:00+00:00,451.03,26.74,40.33,60.8,33.95,38.32,54.14,42.88,202.99,54.92
2022-04-06 04:00:00+00:00,446.52,26.56,39.9,59.89,33.99,37.67,53.61,42.04,200.11,54.02
2022-04-07 04:00:00+00:00,448.77,26.53,39.79,59.68,34.14,37.77,53.43,42.16,199.46,53.07
2022-04-08 04:00:00+00:00,447.57,26.54,39.89,59.43,34.2,37.86,53.16,42.14,197.87,53.21
2022-04-11 04:00:00+00:00,439.92,26.26,39.57,58.5,33.84,37.6,53.24,41.84,196.54,51.94
2022-04-12 04:00:00+00:00,438.29,26.36,39.4,57.73,33.67,37.55,53.12,41.52,197.16,51.88
2022-04-13 04:00:00+00:00,443.31,26.5,39.81,58.56,34.08,37.6,53.5,42.05,200.91,52.74
2022-04-14 04:00:00+00:00,437.79,26.39,39.68,58.4,34.1,37.24,52.66,41.84,198.96,52.21
2022-04-18 04:00:00+00:00,437.97,26.31,39.71,57.7,33.94,37.49,53.42,41.78,197.62,51.81
2022-04-19 04:00:00+00:00,445.04,26.64,40.02,57.71,34.02,37.18,53.18,41.98,201.56,51.46
2022-04-20 04:00:00+00:00,444.71,26.8,40.34,58.25,34.17,37.3,52.77,42.56,202.33,49.9
2022-04-21 04:00:00+00:00,438.06,26.28,39.45,57.77,33.73,36.32,51.74,42.35,197.8,48.19
2022-04-22 04:00:00+00:00,426.04,25.29,38.18,56.91,32.98,34.75,51.48,41.67,192.68,48.49
2022-04-25 04:00:00+00:00,428.51,24.86,37.84,57.26,32.58,34.09,51.28,41.4,193.85,47.56
2022-04-26 04:00:00+00:00,416.1,24.4,37.01,56.05,31.75,32.58,50.41,39.96,187.74,46.5
2022-04-27 04:00:00+00:00,417.27,24.62,37.09,56.27,32.02,33.01,50.15,40.01,186.96,48.16
2022-04-28 04:00:00+00:00,427.81,24.98,37.88,57.3,32.46,33.44,50.51,40.68,190.45,48.65
2022-04-29 04:00:00+00:00,412.0,24.58,37.05,56.62,32.3,32.77,49.43,40.11,184.95,50.46
2022-05-02 04:00:00+00:00,414.48,24.51,36.96,56.6,32.13,31.63,49.7,40.01,186.89,50.73
2022-05-03 04:00:00+00:00,416.38,24.79,37.46,57.05,32.59,32.17,49.4,40.31,188.49,51.34
2022-05-04 04:00:00+00:00,429.06,25.37,38.29,58.06,33.04,33.09,50.49,41.16,193.52,51.57
2022-05-05 04:00:00+00:00,413.81,24.45,37.07,56.47,32.04,31.66,49.1,39.85,185.67,48.97
2022-05-06 04:00:00+00:00,411.34,24.09,36.82,56.69,31.59,31.34,48.43,39.28,182.58,47.52
2022-05-09 04:00:00+00:00,398.17,23.29,35.39,55.09,30.71,30.25,47.54,38.19,174.9,45.78
2022-05-10 04:00:00+00:00,399.09,23.31,35.16,55.17,30.95,30.3,47.63,38.6,174.95,46.45
2022-05-11 04:00:00+00:00,392.75,23.24,35.19,54.57,30.71,30.67,47.95,38.5,170.6,46.4
2022-05-12 04:00:00+00:00,392.34,22.8,34.88,55.18,30.56,31.09,48.15,38.3,172.6,46.45
2022-05-13 04:00:00+00:00,401.72,23.63,35.9,56.32,31.53,31.89,48.9,39.42,178.07,48.32
2022-05-16 04:00:00+00:00,400.09,23.72,36.24,56.02,31.9,32.35,49.78,39.5,177.22,48.23
2022-05-17 04:00:00+00:00,408.32,24.12,36.84,56.43,32.54,33.16,50.9,40.58,182.64,49.75
2022-05-18 04:00:00+00:00,391.86,23.52,35.91,55.89,31.64,32.14,49.66,39.27,176.24,48.38
2022-05-19 04:00:00+00:00,389.46,23.83,36.32,56.37,31.76,32.82,50.75,39.695,176.53,49.57
2022-05-20 04:00:00+00:00,389.63,24.04,36.21,57.09,32.08,33.62,51.11,39.85,176.08,49.74
2022-05-23 04:00:00+00:00,396.92,24.35,36.84,57.64,32.71,34.84,51.02,40.76,178.21,49.76
2022-05-24 04:00:00+00:00,393.89,24.32,36.47,57.42,32.77,34.78,51.2,40.64,175.57,47.85
2022-05-25 04:00:00+00:00,397.37,24.4,36.65,57.54,32.94,34.75,51.6,40.74,178.73,48.3
2022-05-26 04:00:00+00:00,405.31,24.43,37.03,57.99,33.05,35.5,51.97,41.41,182.72,49.97
2022-05-27 04:00:00+00:00,415.26,24.95,37.62,58.34,33.21,35.72,53.16,42.07,187.64,50.21
2022-05-31 04:00:00+00:00,412.93,24.68,37.83,57.6,33.17,35.25,52.07,41.85,185.31,51.79
2022-06-01 04:00:00+00:00,409.59,24.76,37.75,57.63,32.71,35.1,51.65,41.21,184.26,51.29
2022-06-02 04:00:00+00:00,417.34,25.34,38.58,58.22,33.33,35.54,51.5,42.24,188.71,52.72
2022-06-03 04:00:00+00:00,410.54,24.98,38.02,57.01,32.88,35.24,51.23,41.71,187.06,51.91
2022-06-06 04:00:00+00:00,411.79,24.94,38.16,57.32,33.07,34.87,50.49,41.99,187.87,53.14
2022-06-07 04:00:00+00:00,415.74,24.88,38.48,57.5,33.35,34.29,50.67,42.015,190.9,54.1
2022-06-08 04:00:00+00:00,411.22,24.45,38.12,56.75,32.88,33.52,50.48,41.43,187.95,55.82
2022-06-09 04:00:00+00:00,401.44,23.01,37.02,55.8,31.61,31.48,49.12,39.41,183.57,53.32
2022-06-10 04:00:00+00:00,389.8,22.38,36.23,54.79,30.88,30.53,47.41,38.19,178.59,53.45
2022-06-13 04:00:00+00:00,375.0,21.41,35.0,53.26,29.95,29.02,46.04,36.78,170.2,51.15
2022-06-14 04:00:00+00:00,373.87,21.24,34.58,52.9,29.49,28.8,45.5,36.38,169.38,52.77
2022-06-15 04:00:00+00:00,379.2,21.67,34.89,53.49,30.27,29.58,46.32,37.32,171.86,53.8
2022-06-16 04:00:00+00:00,366.65,21.18,33.69,52.64,29.63,28.27,45.27,36.23,163.9,51.88
2022-06-17 04:00:00+00:00,365.86,20.81,33.31,52.06,29.18,27.92,45.81,36.38,165.18,52.78
2022-06-21 04:00:00+00:00,375.07,21.31,34.23,52.6,29.95,27.89,46.38,36.89,168.14,54.2
2022-06-22 04:00:00+00:00,374.39,21.07,33.71,52.34,29.62,27.74,45.95,36.61,167.82,53.36
2022-06-23 04:00:00+00:00,378.06,21.04,33.06,52.66,29.44,27.14,45.69,36.39,169.83,54.31
2022-06-24 04:00:00+00:00,390.08,21.61,33.93,53.7,30.38,27.2,47.33,37.58,175.09,55.81
2022-06-27 04:00:00+00:00,388.59,21.56,34.34,53.23,30.34,27.9,47.56,37.385,175.74,55.96
2022-06-28 04:00:00+00:00,380.65,21.52,34.29,53.15,30.26,27.66,47.11,37.03,172.44,55.97
2022-06-29 04:00:00+00:00,380.34,21.46,33.99,52.91,30.19,27.78,46.76,36.62,170.69,55.66
2022-06-30 04:00:00+00:00,377.25,21.22,33.68,52.83,29.96,27.39,46.59,36.35,169.36,55.81
2022-07-01 04:00:00+00:00,381.24,21.09,34.04,53.05,29.89,27.07,46.46,36.43,171.41,55.83
2022-07-05 04:00:00+00:00,381.96,20.82,33.2,52.71,29.01,26.43,45.68,35.14,172.83,55.62
2022-07-06 04:00:00+00:00,383.25,20.97,33.02,52.7,29.14,26.37,45.66,35.07,171.55,54.79
2022-07-07 04:00:00+00:00,388.99,21.41,33.76,53.45,29.6,27.31,45.55,35.65,175.61,56.02
2022-07-08 04:00:00+00:00,388.67,21.32,33.75,53.72,29.49,27.54,45.96,35.75,175.59,55.52
2022-07-11 04:00:00+00:00,384.23,20.75,33.27,52.99,29.15,26.45,45.19,35.02,172.06,53.05
2022-07-12 04:00:00+00:00,380.83,20.84,33.0,53.01,29.17,26.14,45.14,34.94,171.47,52.78
2022-07-13 04:00:00+00:00,378.83,20.87,33.01,52.73,29.11,26.25,45.12,35.03,171.32,52.54
2022-07-14 04:00:00+00:00,377.91,20.66,32.05,52.21,28.51,25.58,44.4,34.44,169.56,51.9
2022-07-15 04:00:00+00:00,385.13,21.07,32.39,52.76,29.04,25.93,45.45,35.205,173.09,51.31
2022-07-18 04:00:00+00:00,381.95,21.06,32.89,52.86,29.25,25.96,45.56,35.445,172.6,52.15
2022-07-19 04:00:00+00:00,392.27,21.56,33.76,53.62,29.89,26.26,45.66,36.82,178.69,52.63
2022-07-20 04:00:00+00:00,394.77,21.55,33.89,53.85,29.59,25.99,45.48,36.34,181.49,52.21
2022-07-21 04:00:00+00:00,398.79,21.75,33.96,54.53,29.71,26.02,45.35,36.83,182.42,52.57
2022-07-22 04:00:00+00:00,395.09,21.75,33.73,54.7,29.64,26.05,45.55,36.61,179.51,51.36
2022-07-25 04:00:00+00:00,395.57,22.02,34.19,54.69,30.06,27.08,45.7,36.94,180.44,51.6
2022-07-26 04:00:00+00:00,390.89,21.74,33.77,54.09,29.88,27.07,45.21,36.15,179.33,51.38
2022-07-27 04:00:00+00:00,401.04,22.35,34.55,55.18,30.6,28.02,45.71,37.17,183.41,51.89
2022-07-28 04:00:00+00:00,406.04,22.45,34.86,55.63,30.5,28.83,46.91,37.45,185.89,51.31
2022-07-29 04:00:00+00:00,411.99,22.74,35.31,56.15,30.91,29.02,46.8,38.16,187.25,49.69
2022-08-01 04:00:00+00:00,410.77,22.73,34.96,56.87,30.9,28.67,46.05,38.06,187.18,49.11
2022-08-02 04:00:00+00:00,408.06,22.44,34.76,55.79,30.63,28.47,44.6,37.44,187.0,48.83
2022-08-03 04:00:00+00:00,414.45,22.55,34.97,55.67,30.81,28.5,45.5,38.04,189.75,49.25
2022-08-04 04:00:00+00:00,414.17,22.54,34.94,55.65,30.81,29.31,45.83,38.37,189.35,50.0
2022-08-05 04:00:00+00:00,413.47,22.38,34.76,55.31,30.64,29.75,45.34,38.04,190.8,49.61
2022-08-08 04:00:00+00:00,412.99,22.59,35.06,55.29,30.73,30.67,46.39,38.13,192.82,49.24
2022-08-09 04:00:00+00:00,411.35,22.41,34.82,54.74,30.77,30.72,46.29,37.93,190.19,48.95
2022-08-10 04:00:00+00:00,419.99,23.02,35.69,56.31,31.27,31.41,47.16,38.74,195.62,48.95
2022-08-11 04:00:00+00:00,419.99,23.04,35.89,56.29,31.1,30.85,47.8,38.72,196.35,49.84
2022-08-12 04:00:00+00:00,427.1,23.25,36.24,57.03,31.27,31.99,48.66,39.04,200.36,49.98
2022-08-15 04:00:00+00:00,428.86,22.98,35.85,57.26,31.01,32.02,48.41,38.64,201.07,49.75
2022-08-16 04:00:00+00:00,429.7,23.1,36.26,56.99,31.19,31.9,48.45,38.75,200.99,49.45
2022-08-17 04:00:00+00:00,426.65,22.81,35.88,56.81,30.99,31.77,48.14,38.3,197.61,49.3
2022-08-18 04:00:00+00:00,427.89,22.91,35.98,56.61,30.92,31.86,47.85,38.04,198.92,48.82
2022-08-19 04:00:00+00:00,422.14,22.6,35.53,55.63,30.55,31.17,47.5,37.42,194.65,48.47
2022-08-22 04:00:00+00:00,413.35,22.37,35.16,55.06,30.3,30.97,47.07,36.29,190.64,48.66
2022-08-23 04:00:00+00:00,412.35,22.42,35.44,55.19,30.34,32.1,47.37,36.33,190.95,48.75
2022-08-24 04:00:00+00:00,413.67,22.48,35.41,55.17,30.18,32.06,47.12,36.45,192.41,48.75
2022-08-25 04:00:00+00:00,419.51,22.87,35.82,55.8,30.44,32.21,47.63,36.84,195.4,50.79
2022-08-26 04:00:00+00:00,405.31,22.44,34.96,54.44,29.76,32.01,46.54,35.59,188.98,50.38
2022-08-29 04:00:00+00:00,402.63,22.36,34.98,53.89,29.73,32.29,45.92,35.71,187.24,49.95
2022-08-30 04:00:00+00:00,398.21,22.05,34.13,53.83,29.29,31.22,45.17,35.6,184.62,48.79
2022-08-31 04:00:00+00:00,395.18,21.91,33.69,53.59,28.91,30.52,44.25,35.33,183.5,49.69
2022-09-01 04:00:00+00:00,396.42,21.73,33.36,52.95,28.42,30.46,44.68,34.8,181.5,49.22
2022-09-02 04:00:00+00:00,392.24,21.77,33.66,52.37,28.41,30.87,45.58,34.46,180.09,48.32
2022-09-06 04:00:00+00:00,390.76,21.47,33.28,51.55,28.66,30.25,45.0,34.56,178.31,47.39
2022-09-07 04:00:00+00:00,397.78,21.46,33.67,51.47,28.63,30.53,45.49,35.3,182.19,48.05
2022-09-08 04:00:00+00:00,400.38,21.66,34.04,52.09,28.61,30.5,45.88,35.13,183.71,47.43
2022-09-09 04:00:00+00:00,406.6,22.35,34.89,53.07,29.32,31.49,46.66,36.1,187.4,48.36
2022-09-12 04:00:00+00:00,410.97,22.59,35.38,53.09,29.8,32.16,47.75,36.94,189.67,49.06
2022-09-13 04:00:00+00:00,393.1,21.62,34.26,51.34,28.87,30.82,46.31,35.52,182.25,47.43
2022-09-14 04:00:00+00:00,394.6,21.58,34.44,52.08,28.88,30.85,46.46,35.68,182.96,47.51
2022-09-15 04:00:00+00:00,390.12,21.41,33.98,51.67,28.57,30.33,46.2,35.32,181.63,47.12
2022-09-16 04:00:00+00:00,385.56,21.24,33.56,51.63,28.37,30.0,45.96,35.08,178.99,46.19
2022-09-19 04:00:00+00:00,388.55,21.44,33.97,51.8,28.49,31.27,46.6,35.24,180.52,46.3
2022-09-20 04:00:00+00:00,384.09,21.2,33.33,51.26,28.09,31.51,46.87,34.38,178.06,46.02
2022-09-21 04:00:00+00:00,377.39,20.77,32.76,50.67,27.81,31.24,46.82,33.86,175.34,44.66
2022-09-22 04:00:00+00:00,374.22,20.73,32.38,51.07,27.74,32.2,46.3,33.7,171.39,44.4
2022-09-23 04:00:00+00:00,367.95,19.95,31.3,50.04,26.25,30.74,44.92,32.4,167.31,43.58
2022-09-26 04:00:00+00:00,364.31,19.79,30.73,49.23,25.78,29.29,43.81,31.97,164.17,43.79
2022-09-27 04:00:00+00:00,363.38,19.62,30.72,48.82,25.64,29.17,44.22,31.71,164.73,43.62
2022-09-28 04:00:00+00:00,370.53,20.19,31.54,49.74,26.25,29.31,45.27,32.52,169.94,43.96
2022-09-29 04:00:00+00:00,362.79,20.0,31.08,49.26,26.18,28.97,44.84,32.01,166.13,42.88
2022-09-30 04:00:00+00:00,357.18,19.62,30.76,48.85,26.21,29.63,44.23,31.98,164.92,42.56
2022-10-03 04:00:00+00:00,366.61,20.18,31.92,49.73,26.87,32.55,45.26,32.73,169.29,42.8
2022-10-04 04:00:00+00:00,377.97,20.84,33.04,51.32,27.89,32.68,46.0,34.5,176.0,44.51
2022-10-05 04:00:00+00:00,377.09,20.78,32.54,50.78,27.47,32.82,45.37,34.01,174.7,44.73
2022-10-06 04:00:00+00:00,373.2,20.46,31.78,50.32,26.79,32.86,45.76,33.26,173.72,44.27
2022-10-07 04:00:00+00:00,362.79,20.14,31.17,49.81,26.64,32.46,45.43,32.49,168.61,43.1
2022-10-10 04:00:00+00:00,360.02,19.9,30.86,49.61,26.46,32.45,45.41,32.37,167.67,41.64
2022-10-11 04:00:00+00:00,357.74,19.62,30.44,49.1,25.95,31.66,45.52,31.96,167.72,40.64
2022-10-12 04:00:00+00:00,356.56,19.62,30.35,48.74,26.0,31.37,45.64,31.86,167.26,40.63
2022-10-13 04:00:00+00:00,365.97,20.09,31.21,49.17,26.86,31.58,45.77,32.795,171.4,40.45
2022-10-14 04:00:00+00:00,357.63,19.58,30.47,48.46,26.27,30.61,45.21,32.35,166.81,39.96
2022-10-17 04:00:00+00:00,366.82,19.97,31.29,48.95,26.99,31.26,46.25,33.51,172.13,41.13
2022-10-18 04:00:00+00:00,371.13,20.07,31.57,48.78,27.07,32.1,46.27,33.98,174.17,40.98
2022-10-19 04:00:00+00:00,368.5,19.94,31.33,48.48,26.78,32.28,46.02,33.48,171.21,39.3
2022-10-20 04:00:00+00:00,365.41,19.92,31.17,48.44,26.78,32.86,46.28,33.49,169.03,39.54
2022-10-21 04:00:00+00:00,374.29,20.4,31.96,49.29,27.19,34.09,47.43,34.16,172.7,39.9
2022-10-24 04:00:00+00:00,378.87,20.24,31.89,48.97,27.26,31.98,48.06,34.47,173.44,36.05
2022-10-25 04:00:00+00:00,384.92,20.64,32.43,50.09,27.66,31.44,49.04,35.33,178.17,36.7
2022-10-26 04:00:00+00:00,382.02,20.87,32.85,50.38,28.08,30.7,49.43,35.69,179.05,38.33
2022-10-27 04:00:00+00:00,379.98,20.76,32.99,49.75,28.04,31.63,49.26,35.315,179.09,37.36
2022-10-28 04:00:00+00:00,389.02,20.79,33.12,50.28,28.33,31.45,49.78,35.73,183.16,36.26
2022-10-31 04:00:00+00:00,386.21,20.72,33.03,49.99,28.04,32.67,50.57,35.21,183.33,35.58
2022-11-01 04:00:00+00:00,384.52,21.01,33.16,50.37,28.36,33.15,51.59,35.51,183.58,37.12
2022-11-02 04:00:00+00:00,374.87,20.63,32.55,50.04,27.86,32.17,50.72,34.68,177.49,37.42
2022-11-03 04:00:00+00:00,371.01,20.32,32.34,49.9,27.64,33.05,51.33,34.33,176.3,37.93
2022-11-04 04:00:00+00:00,376.35,21.33,33.35,50.87,28.81,33.87,52.82,36.12,178.68,40.69
2022-11-07 05:00:00+00:00,379.95,21.28,33.47,51.16,28.75,32.36,52.45,36.38,179.49,40.66
2022-11-08 05:00:00+00:00,382.0,21.49,33.81,51.9,28.96,32.67,52.31,36.83,179.56,40.6
2022-11-09 05:00:00+00:00,374.13,21.05,33.02,51.02,28.37,31.68,51.88,36.38,174.63,39.07
2022-11-10 05:00:00+00:00,394.69,22.33,34.69,53.87,29.79,29.61,53.13,38.52,185.38,41.25
2022-11-11 05:00:00+00:00,398.51,22.8,35.04,54.94,29.87,30.64,53.61,39.5,186.9,42.87
2022-11-14 05:00:00+00:00,395.12,22.52,34.57,54.19,29.71,30.81,53.58,39.12,184.81,43.15
2022-11-15 05:00:00+00:00,398.49,22.88,34.81,54.55,29.92,30.92,53.6,39.36,187.55,45.31
2022-11-16 05:00:00+00:00,395.45,22.72,34.66,54.36,30.07,29.73,53.66,39.36,184.25,44.5
2022-11-17 05:00:00+00:00,394.24,22.68,34.55,54.26,30.12,29.48,53.32,39.39,182.54,45.31
2022-11-18 05:00:00+00:00,396.03,22.76,34.54,54.24,30.27,29.47,53.35,39.51,183.72,44.06
2022-11-21 05:00:00+00:00,394.59,22.51,34.36,53.8,30.13,30.12,53.03,39.135,182.76,43.33
2022-11-22 05:00:00+00:00,399.9,22.86,35.05,54.95,30.59,29.47,53.7,39.65,184.71,42.91
2022-11-23 05:00:00+00:00,402.42,23.17,35.17,55.58,31.03,29.6,54.27,39.98,185.19,43.36
2022-11-25 05:00:00+00:00,402.33,23.27,35.33,55.96,31.14,29.58,54.0,40.2,185.58,42.57
2022-11-28 05:00:00+00:00,395.91,22.85,34.69,55.53,30.75,29.65,53.41,39.56,181.84,43.05
2022-11-29 05:00:00+00:00,395.23,23.07,34.58,55.19,30.98,30.59,52.8,39.68,182.37,44.92
2022-11-30 05:00:00+00:00,407.68,23.69,35.19,55.8,31.53,31.48,53.9,40.54,187.37,47.01
2022-12-01 05:00:00+00:00,407.38,23.73,35.41,56.18,31.82,31.22,54.22,40.89,186.96,46.62
2022-12-02 05:00:00+00:00,406.91,23.64,35.2,55.93,31.9,31.32,53.19,40.9,188.05,47.76
2022-12-05 05:00:00+00:00,399.59,23.18,34.43,54.76,31.65,30.25,51.78,40.43,182.87,47.71
2022-12-06 05:00:00+00:00,393.83,23.06,33.89,54.59,31.59,30.73,52.06,40.18,180.07,48.37
2022-12-07 05:00:00+00:00,393.16,23.1,33.86,54.75,31.51,30.52,52.17,40.28,179.54,47.59
2022-12-08 05:00:00+00:00,396.24,23.2,34.09,55.09,31.55,29.97,52.57,40.4,180.84,49.06
2022-12-09 05:00:00+00:00,393.28,23.17,33.85,55.26,31.51,29.94,51.52,40.33,178.62,48.74
2022-12-12 05:00:00+00:00,398.95,23.22,34.01,55.25,31.52,29.12,52.05,40.52,180.72,48.32
2022-12-13 05:00:00+00:00,401.97,23.1,33.73,55.92,31.44,26.5,51.0,40.99,181.38,48.02
2022-12-14 05:00:00+00:00,399.4,23.04,33.56,55.87,31.48,26.47,50.63,40.96,180.19,48.35
2022-12-15 05:00:00+00:00,389.63,22.3,32.78,54.51,30.91,26.36,49.6,39.75,175.68,47.29
2022-12-16 05:00:00+00:00,383.27,22.21,32.42,54.55,30.41,26.21,49.66,39.28,174.37,47.34
2022-12-19 05:00:00+00:00,380.02,22.19,32.15,54.2,30.39,26.78,50.11,39.28,172.01,46.97
2022-12-20 05:00:00+00:00,380.54,22.05,32.44,54.97,30.53,27.8,50.33,39.37,172.92,46.37
2022-12-21 05:00:00+00:00,386.23,22.4,32.89,54.89,30.9,28.01,50.92,39.9,175.9,47.35
2022-12-22 05:00:00+00:00,380.72,22.03,32.44,54.73,30.62,28.21,50.79,39.51,173.6,47.04
2022-12-23 05:00:00+00:00,382.91,22.32,32.85,54.77,30.81,28.79,51.93,39.55,174.39,46.76
2022-12-27 05:00:00+00:00,381.4,22.41,33.03,54.52,30.83,27.83,51.42,39.65,173.22,48.6
2022-12-28 05:00:00+00:00,376.66,22.11,32.4,53.87,30.55,28.42,50.71,39.23,170.53,47.16
2022-12-29 05:00:00+00:00,383.44,22.35,32.98,54.87,30.81,28.16,50.47,39.97,174.85,48.39
2022-12-30 05:00:00+00:00,382.43,22.23,32.73,54.44,30.66,27.97,49.45,39.475,174.36,47.5
2023-01-03 05:00:00+00:00,380.82,21.97,32.54,54.7,30.77,25.89,50.34,40.01,173.4,49.11
2023-01-04 05:00:00+00:00,383.76,22.55,33.22,54.16,31.12,26.34,51.56,41.08,175.56,52.01
2023-01-05 05:00:00+00:00,379.38,22.23,32.9,53.43,30.98,27.25,52.23,40.71,173.68,51.97
2023-01-06 05:00:00+00:00,388.08,23.02,33.74,54.77,31.69,28.3,53.7,41.86,177.58,52.26
2023-01-09 05:00:00+00:00,387.86,23.01,33.95,54.89,31.79,28.09,54.15,42.28,177.88,52.45
2023-01-10 05:00:00+00:00,390.58,23.04,33.89,54.76,31.86,28.82,54.49,42.62,180.51,52.98
2023-01-11 05:00:00+00:00,395.52,23.36,34.25,55.2,32.0,29.48,55.69,43.08,182.76,53.41
2023-01-12 05:00:00+00:00,396.96,23.83,34.7,56.53,32.37,29.73,56.49,43.71,185.83,53.02
2023-01-13 05:00:00+00:00,398.5,24.01,34.81,56.77,32.62,29.51,56.68,43.92,187.05,53.88
2023-01-17 05:00:00+00:00,397.77,24.13,34.95,57.31,32.68,29.6,56.55,43.84,186.82,53.22
2023-01-18 05:00:00+00:00,391.49,23.86,34.56,57.23,32.61,29.37,56.05,43.59,183.8,52.56
2023-01-19 05:00:00+00:00,388.64,24.06,34.62,57.2,32.69,29.52,56.01,43.32,182.04,53.53
2023-01-20 05:00:00+00:00,395.88,24.38,35.1,57.85,32.76,29.18,56.87,43.75,185.04,54.68
2023-01-23 05:00:00+00:00,400.63,24.55,35.33,57.69,32.76,29.18,57.64,44.05,187.33,55.32
2023-01-24 05:00:00+00:00,400.2,24.62,35.33,58.08,32.46,29.72,58.03,44.06,186.93,55.26
2023-01-25 05:00:00+00:00,400.35,24.86,35.23,58.78,32.62,30.48,58.13,44.29,187.45,55.4
2023-01-26 05:00:00+00:00,404.75,25.02,35.62,58.66,32.74,30.59,58.46,44.42,188.56,56.2
2023-01-27 05:00:00+00:00,405.68,24.94,35.67,58.82,32.58,29.82,58.05,44.26,189.58,56.07
2023-01-30 05:00:00+00:00,400.59,24.69,35.2,58.47,32.52,29.65,57.62,43.93,186.94,53.96
2023-01-31 05:00:00+00:00,406.48,24.86,35.83,58.67,32.57,30.34,57.65,44.34,191.48,53.58
2023-02-01 05:00:00+00:00,410.8,25.12,35.83,58.87,32.68,29.99,58.94,44.99,194.49,54.82
2023-02-02 05:00:00+00:00,416.78,24.94,35.73,58.73,32.37,29.46,57.61,45.25,198.32,53.83
2023-02-03 05:00:00+00:00,412.35,24.53,35.52,58.06,32.22,28.62,56.96,44.71,196.99,52.54
2023-02-06 05:00:00+00:00,409.83,24.3,35.13,57.53,31.93,28.51,56.45,44.13,194.14,51.85
2023-02-07 05:00:00+00:00,415.19,24.54,35.52,58.37,32.24,28.09,56.29,44.38,195.58,52.11
2023-02-08 05:00:00+00:00,410.65,24.35,35.29,57.73,32.26,28.55,55.85,44.1,192.72,51.6
2023-02-09 05:00:00+00:00,407.09,24.28,35.08,57.79,32.49,27.81,56.09,44.27,189.93,52.68
2023-02-10 05:00:00+00:00,408.04,24.17,35.49,58.12,32.37,28.1,56.31,43.8,190.31,51.3
2023-02-13 05:00:00+00:00,412.83,24.47,35.73,58.09,32.83,28.55,57.08,44.39,192.6,52.22
2023-02-14 05:00:00+00:00,412.64,24.43,35.67,57.8,33.05,28.31,57.1,44.63,192.51,51.75
2023-02-15 05:00:00+00:00,413.98,23.94,35.57,57.23,32.8,28.53,57.44,44.73,194.46,51.34
2023-02-16 05:00:00+00:00,408.28,23.84,35.17,57.04,32.65,28.64,58.3,44.59,192.6,51.27
2023-02-17 05:00:00+00:00,407.26,23.69,34.99,57.02,32.81,28.69,58.54,44.73,193.13,50.24
2023-02-21 05:00:00+00:00,399.09,23.46,34.36,56.32,32.79,28.21,57.43,43.96,187.43,49.7
2023-02-22 05:00:00+00:00,398.54,23.35,34.2,55.9,32.46,28.2,57.86,43.73,187.94,49.4
2023-02-23 05:00:00+00:00,400.66,23.36,34.23,56.46,32.54,28.55,57.74,44.1,189.28,49.12
2023-02-24 05:00:00+00:00,396.38,22.92,34.1,55.62,32.25,27.69,57.21,43.14,187.51,47.76
2023-02-27 05:00:00+00:00,397.73,23.01,34.28,56.15,32.63,27.64,57.55,43.87,188.17,48.37
2023-02-28 05:00:00+00:00,396.26,22.88,34.05,55.94,32.28,27.27,57.64,43.58,188.18,47.86
2023-03-01 05:00:00+00:00,394.74,23.09,34.24,56.03,32.48,27.49,59.1,43.87,188.42,49.71
2023-03-02 05:00:00+00:00,397.81,23.1,34.38,56.09,32.5,27.06,58.76,43.91,188.87,50.42
2023-03-03 05:00:00+00:00,404.19,23.48,34.84,57.38,32.72,27.25,60.31,44.61,191.5,50.51
2023-03-06 05:00:00+00:00,404.47,23.25,34.66,57.38,32.51,27.68,59.8,44.63,188.7,49.84
2023-03-07 05:00:00+00:00,398.27,22.74,33.9,56.87,31.87,27.34,58.5,43.81,186.51,48.75
2023-03-08 05:00:00+00:00,398.92,22.92,33.91,57.57,32.05,28.19,59.41,43.96,186.6,48.38
2023-03-09 05:00:00+00:00,391.56,22.65,33.38,57.47,31.79,27.71,58.39,43.46,181.41,46.67
2023-03-10 05:00:00+00:00,385.91,22.25,32.87,56.78,31.57,27.02,56.98,43.11,176.18,46.73
2023-03-13 04:00:00+00:00,385.36,22.11,32.74,56.24,31.37,26.6,55.54,42.65,173.31,47.13
2023-03-14 04:00:00+00:00,391.73,22.42,33.05,56.08,31.69,26.65,56.6,43.5,176.52,47.39
2023-03-15 04:00:00+00:00,389.28,21.84,32.32,54.94,30.5,26.3,54.78,41.79,173.61,46.64
2023-03-16 04:00:00+00:00,396.11,22.1,32.7,56.06,30.9,26.85,55.91,42.52,175.98,47.19
2023-03-17 04:00:00+00:00,389.99,21.97,32.36,55.71,30.43,26.38,54.59,41.85,171.23,47.04
2023-03-20 04:00:00+00:00,393.74,22.18,32.81,56.52,31.08,26.19,55.18,42.66,173.45,46.86
2023-03-21 04:00:00+00:00,398.91,22.26,32.93,56.87,31.53,26.25,56.23,43.59,176.65,47.59
2023-03-22 04:00:00+00:00,392.11,22.14,32.72,56.71,31.47,26.1,56.32,43.42,171.64,47.73
2023-03-23 04:00:00+00:00,393.17,22.04,32.57,56.96,31.25,25.26,56.55,43.46,170.25,49.04
2023-03-24 04:00:00+00:00,395.75,22.02,32.62,57.13,31.11,25.67,57.04,43.0,171.79,48.79
2023-03-27 04:00:00+00:00,396.49,22.14,32.99,57.38,31.52,26.08,57.53,43.43,173.7,48.08
2023-03-28 04:00:00+00:00,395.6,22.35,33.19,57.49,31.51,26.68,58.34,43.49,173.45,49.65
2023-03-29 04:00:00+00:00,401.35,22.56,33.6,57.71,31.88,27.01,59.29,44.24,175.42,49.65
2023-03-30 04:00:00+00:00,403.7,22.85,33.88,57.98,32.29,27.67,59.55,44.96,175.18,50.38
2023-03-31 04:00:00+00:00,409.39,22.94,34.18,58.69,32.26,27.38,59.53,45.08,178.4,49.89
2023-04-03 04:00:00+00:00,410.95,23.33,34.8,58.96,32.73,27.29,59.27,45.37,178.48,49.88
2023-04-04 04:00:00+00:00,408.67,23.15,34.72,58.94,32.69,27.32,59.49,45.45,175.35,49.72
2023-04-05 04:00:00+00:00,407.6,23.09,34.51,58.06,32.77,27.21,58.07,45.14,173.63,49.13
2023-04-06 04:00:00+00:00,409.19,23.09,34.5,57.81,33.06,27.09,58.63,45.43,173.89,49.73
2023-04-10 04:00:00+00:00,409.61,23.05,34.57,57.69,33.07,27.35,59.09,45.45,175.75,49.53
2023-04-11 04:00:00+00:00,409.72,23.25,34.89,57.88,33.15,28.8,59.47,45.56,177.14,49.56
2023-04-12 04:00:00+00:00,408.05,23.38,35.03,58.07,33.44,29.39,59.61,45.92,175.84,48.25
2023-04-13 04:00:00+00:00,413.47,23.69,35.49,58.88,33.78,29.32,60.43,46.5,178.17,49.26
2023-04-14 04:00:00+00:00,412.46,23.46,35.45,58.44,33.57,29.36,59.85,46.42,176.51,48.84
2023-04-17 04:00:00+00:00,413.94,23.45,35.51,58.61,33.51,29.21,60.32,46.07,178.78,49.86
2023-04-18 04:00:00+00:00,414.21,23.55,35.6,58.96,33.71,29.01,59.71,46.43,178.02,49.7
2023-04-19 04:00:00+00:00,414.14,23.48,35.42,58.49,33.67,27.77,59.64,46.43,178.25,49.15
2023-04-20 04:00:00+00:00,411.88,23.5,35.26,58.68,33.72,27.99,59.98,46.25,177.33,48.77
2023-04-21 04:00:00+00:00,412.2,23.25,35.22,59.01,33.79,27.7,59.95,46.59,177.56,47.99
2023-04-24 04:00:00+00:00,412.63,23.33,35.23,58.98,33.86,28.01,60.37,46.78,177.44,47.38
2023-04-25 04:00:00+00:00,406.08,22.91,34.54,58.57,33.42,27.61,59.58,45.95,173.06,46.14
2023-04-26 04:00:00+00:00,404.36,22.84,34.44,58.36,33.44,27.44,58.92,46.07,171.39,46.83
2023-04-27 04:00:00+00:00,412.41,23.12,34.85,59.31,33.74,28.0,59.81,46.6,173.68,47.47
2023-04-28 04:00:00+00:00,415.93,23.14,35.2,58.84,33.93,28.27,60.88,46.52,175.2,47.72
2023-05-01 04:00:00+00:00,415.51,23.07,35.14,58.77,33.82,28.04,61.08,46.54,175.3,47.53
2023-05-02 04:00:00+00:00,410.84,22.85,34.58,58.28,33.39,27.33,60.73,45.94,171.7,46.66
2023-05-03 04:00:00+00:00,408.02,22.68,34.44,58.63,33.43,27.59,60.76,46.03,172.33,46.57
2023-05-04 04:00:00+00:00,405.13,22.66,34.5,58.74,33.31,27.67,60.57,45.83,170.4,47.36
2023-05-05 04:00:00+00:00,412.63,23.3,35.45,59.53,33.88,28.76,61.25,46.5,174.45,47.88
2023-05-08 04:00:00+00:00,412.74,23.31,35.54,59.4,33.86,28.66,61.29,46.47,174.05,47.99
2023-05-09 04:00:00+00:00,410.93,23.17,35.51,60.04,33.64,29.04,61.86,46.06,173.53,47.23
2023-05-10 04:00:00+00:00,412.85,23.24,35.36,59.74,33.6,29.35,62.89,46.04,174.41,47.05
2023-05-11 04:00:00+00:00,412.13,22.98,34.94,59.91,33.3,29.56,62.21,45.85,173.07,47.42
2023-05-12 04:00:00+00:00,411.59,22.89,34.8,60.2,33.22,29.8,62.12,45.71,172.72,46.22
2023-05-15 04:00:00+00:00,413.01,23.15,35.24,60.56,33.54,30.15,63.13,45.94,174.83,48.08
2023-05-16 04:00:00+00:00,410.25,22.73,34.67,60.44,33.16,29.57,62.75,45.565,172.28,47.6
2023-05-17 04:00:00+00:00,415.23,22.92,34.84,60.85,33.31,29.99,62.35,45.87,176.12,47.26
2023-05-18 04:00:00+00:00,419.23,22.82,34.72,60.86,33.1,29.93,62.16,45.89,177.19,46.42
2023-05-19 04:00:00+00:00,418.62,23.0,34.78,60.96,33.32,29.89,60.94,46.19,176.11,46.26
2023-05-22 04:00:00+00:00,418.79,23.0,34.83,61.23,33.23,29.87,59.6,46.22,178.26,46.91
2023-05-23 04:00:00+00:00,414.09,22.72,34.43,60.35,32.99,29.81,58.89,45.42,177.42,45.62
2023-05-24 04:00:00+00:00,411.09,22.28,33.81,59.71,32.42,29.62,59.72,44.7,175.54,44.79
2023-05-25 04:00:00+00:00,414.65,22.06,33.49,60.05,32.17,29.44,60.0,44.7,174.17,43.89
2023-05-26 04:00:00+00:00,420.02,22.42,33.78,60.25,32.44,29.94,61.22,45.21,176.15,44.68
2023-05-30 04:00:00+00:00,420.18,22.25,33.52,59.86,32.14,29.12,60.24,44.78,175.5,43.43
2023-05-31 04:00:00+00:00,417.85,21.87,33.26,59.34,31.9,28.82,59.85,44.13,173.77,43.24
2023-06-01 04:00:00+00:00,421.82,22.37,33.73,60.83,32.31,29.72,60.16,44.75,175.65,44.34
2023-06-02 04:00:00+00:00,427.92,22.71,34.44,62.0,32.63,30.59,60.66,45.22,182.02,45.52
2023-06-05 04:00:00+00:00,427.1,22.55,34.22,61.78,32.43,30.75,61.25,44.82,179.58,45.31
2023-06-06 04:00:00+00:00,428.03,22.7,34.53,63.04,32.66,31.35,62.39,44.95,184.31,45.99
2023-06-07 04:00:00+00:00,426.55,22.05,34.15,61.0,32.04,30.81,61.93,43.94,187.24,45.02
2023-06-08 04:00:00+00:00,429.13,22.38,34.14,61.52,32.29,31.03,62.2,44.49,186.54,45.55
2023-06-09 04:00:00+00:00,429.9,22.36,34.1,62.22,32.16,31.6,62.92,44.22,185.03,45.49
2023-06-12 04:00:00+00:00,433.8,22.45,34.12,62.61,32.01,31.72,62.62,44.63,185.8,45.49
2023-06-13 04:00:00+00:00,436.66,22.73,34.37,63.51,32.33,31.57,63.09,44.96,187.93,46.12
2023-06-14 04:00:00+00:00,437.18,22.81,34.4,63.8,32.45,32.44,64.08,45.22,185.91,46.84
2023-06-15 04:00:00+00:00,442.6,23.23,34.77,63.71,32.95,32.66,64.34,45.77,187.44,47.77
2023-06-16 04:00:00+00:00,439.46,23.33,34.73,63.1,32.97,32.32,64.1,45.8,185.94,47.64
2023-06-20 04:00:00+00:00,437.18,23.29,34.26,62.23,32.54,32.72,62.87,45.26,185.13,45.7
2023-06-21 04:00:00+00:00,434.94,23.21,34.35,62.97,32.49,33.17,62.77,45.195,184.7,45.31
2023-06-22 04:00:00+00:00,436.51,22.72,34.19,62.45,32.3,32.78,62.01,44.99,183.33,45.13
2023-06-23 04:00:00+00:00,433.21,22.16,33.81,60.91,31.99,32.69,61.66,44.31,180.57,44.18
2023-06-26 04:00:00+00:00,431.44,22.18,34.23,60.91,32.0,32.63,61.75,44.41,180.75,44.36
2023-06-27 04:00:00+00:00,436.17,22.36,34.46,61.14,32.18,32.29,62.81,45.09,183.36,45.34
2023-06-28 04:00:00+00:00,436.39,22.22,34.37,61.82,31.97,31.73,62.36,45.18,184.26,44.98
2023-06-29 04:00:00+00:00,438.11,22.34,34.59,61.51,31.9,32.19,62.53,45.16,186.38,44.3
2023-06-30 04:00:00+00:00,443.28,22.55,34.99,61.9,32.35,32.43,62.18,45.82,187.27,44.74
2023-07-03 04:00:00+00:00,443.79,22.67,35.2,62.09,32.21,32.83,63.09,45.8,187.65,45.47
2023-07-05 04:00:00+00:00,443.13,22.48,34.8,61.58,31.85,32.35,63.21,45.03,185.78,45.1
2023-07-06 04:00:00+00:00,439.66,21.92,34.08,60.77,31.31,31.26,61.67,44.09,182.78,43.99
2023-07-07 04:00:00+00:00,438.55,22.1,34.33,61.64,31.44,32.02,62.61,44.45,184.71,44.92
2023-07-10 04:00:00+00:00,439.66,21.99,34.28,61.55,31.48,31.67,62.62,44.77,187.87,44.93
2023-07-11 04:00:00+00:00,442.46,22.3,34.45,61.82,31.76,31.7,63.2,45.27,189.8,45.31
2023-07-12 04:00:00+00:00,446.02,22.83,34.94,62.25,32.44,32.02,63.55,46.395,191.87,46.49
2023-07-13 04:00:00+00:00,449.56,23.43,35.53,63.18,32.94,32.67,64.23,47.16,193.42,47.45
2023-07-14 04:00:00+00:00,449.28,23.3,35.24,62.42,32.73,32.25,63.91,46.98,191.53,46.64
2023-07-17 04:00:00+00:00,450.84,23.2,35.29,62.45,32.68,32.33,63.88,46.96,193.58,46.38
2023-07-18 04:00:00+00:00,454.19,23.29,35.58,63.31,32.8,32.21,64.22,47.105,195.97,45.43
2023-07-19 04:00:00+00:00,455.2,23.19,35.81,63.32,33.1,32.27,63.96,46.86,196.8,45.6
2023-07-20 04:00:00+00:00,452.18,23.22,35.68,62.48,33.21,32.32,63.13,46.59,195.08,45.39
2023-07-21 04:00:00+00:00,452.18,23.14,35.8,62.41,33.28,33.02,62.9,46.86,194.46,45.38
2023-07-24 04:00:00+00:00,454.2,23.18,36.01,62.5,33.23,33.69,63.37,46.55,194.94,46.39
2023-07-25 04:00:00+00:00,455.44,23.4,35.9,62.58,33.44,33.82,63.4,46.42,194.92,46.95
2023-07-26 04:00:00+00:00,455.51,23.47,35.88,62.83,33.58,34.11,64.33,46.51,196.46,47.67
2023-07-27 04:00:00+00:00,452.49,23.25,35.55,63.34,33.04,33.08,64.33,46.49,193.92,46.98
2023-07-28 04:00:00+00:00,456.92,23.13,35.78,63.7,33.28,33.39,65.36,47.06,196.43,49.48
2023-07-31 04:00:00+00:00,457.79,23.36,36.08,63.42,33.3,33.87,65.03,46.94,198.71,49.8
2023-08-01 04:00:00+00:00,456.48,22.9,35.62,62.67,33.01,33.22,63.64,46.37,197.8,48.71
2023-08-02 04:00:00+00:00,450.13,22.34,34.91,61.49,32.38,32.97,61.96,45.42,195.11,47.31
2023-08-03 04:00:00+00:00,448.84,22.34,34.73,61.19,32.37,32.29,61.2,45.29,194.56,48.45
2023-08-04 04:00:00+00:00,446.81,22.47,34.82,61.78,32.35,32.06,62.76,45.415,194.17,47.95
2023-08-07 04:00:00+00:00,450.71,22.56,34.95,62.3,32.66,32.02,63.0,45.84,194.3,47.49
2023-08-08 04:00:00+00:00,448.75,22.41,34.73,61.75,32.52,31.89,62.37,45.32,193.08,46.73
2023-08-09 04:00:00+00:00,445.75,22.45,34.81,61.21,32.65,31.64,63.03,45.47,191.57,46.89
2023-08-10 04:00:00+00:00,445.91,22.44,34.88,61.47,32.65,31.79,62.79,45.82,190.72,47.22
2023-08-11 04:00:00+00:00,445.65,22.25,34.96,61.37,32.5,31.57,62.05,45.36,190.99,45.84
2023-08-14 04:00:00+00:00,448.11,22.14,34.75,60.82,32.38,30.94,61.99,45.3,190.66,45.51
2023-08-15 04:00:00+00:00,442.89,21.87,34.0,60.17,31.87,30.62,62.11,44.71,188.14,44.76
2023-08-16 04:00:00+00:00,439.64,21.63,33.89,59.42,31.68,30.52,62.23,44.42,185.84,43.94
2023-08-17 04:00:00+00:00,436.29,21.44,33.73,59.17,31.57,30.32,61.55,43.98,183.65,44.38
2023-08-18 04:00:00+00:00,436.5,21.46,33.73,59.32,31.47,30.54,61.85,44.05,184.65,43.32
2023-08-21 04:00:00+00:00,439.34,21.51,33.68,59.37,31.55,30.22,61.74,44.33,184.38,43.24
2023-08-22 04:00:00+00:00,438.15,21.4,33.48,59.66,31.42,30.89,62.04,44.19,183.83,43.12
2023-08-23 04:00:00+00:00,443.03,21.75,33.85,60.45,31.59,31.92,63.36,44.51,185.79,43.72
2023-08-24 04:00:00+00:00,436.89,21.36,33.6,59.66,31.31,31.58,62.46,43.8,183.22,43.76
2023-08-25 04:00:00+00:00,439.97,21.52,33.61,59.97,31.48,31.31,62.85,44.15,184.0,43.76
2023-08-28 04:00:00+00:00,442.76,21.71,33.92,60.68,31.82,31.69,63.2,44.66,185.64,44.65
2023-08-29 04:00:00+00:00,449.16,22.12,34.48,61.1,32.16,32.14,63.94,45.34,188.23,45.62
2023-08-30 04:00:00+00:00,451.01,22.25,34.65,60.99,32.28,31.83,64.26,45.33,188.94,45.37
2023-08-31 04:00:00+00:00,450.35,22.21,34.69,61.64,32.0,30.85,61.66,44.83,188.61,44.91
2023-09-01 04:00:00+00:00,451.19,22.25,34.93,62.04,32.06,31.44,61.46,44.54,190.85,45.89
2023-09-05 04:00:00+00:00,449.24,22.05,34.6,62.07,31.73,31.16,60.06,43.96,186.83,45.32
2023-09-06 04:00:00+00:00,446.22,21.86,34.28,62.23,31.58,30.76,59.69,43.75,186.13,45.34
2023-09-07 04:00:00+00:00,444.85,21.75,34.01,62.23,31.58,30.16,59.06,43.47,184.33,43.99
2023-09-08 04:00:00+00:00,445.52,21.7,34.01,61.61,31.75,30.58,59.38,43.57,183.92,43.89
2023-09-11 04:00:00+00:00,448.45,22.05,34.37,62.32,32.0,31.33,60.22,44.06,184.36,44.61
2023-09-12 04:00:00+00:00,445.99,22.0,34.48,62.31,32.01,31.45,59.95,43.68,184.18,44.61
2023-09-13 04:00:00+00:00,446.51,21.9,34.6,62.28,32.01,31.8,59.92,43.43,182.97,44.27
2023-09-14 04:00:00+00:00,450.36,22.33,35.24,63.34,32.57,32.4,60.27,43.88,185.55,44.51
2023-09-15 04:00:00+00:00,443.37,22.24,35.27,62.99,32.49,32.26,59.91,43.85,183.61,44.22
2023-09-18 04:00:00+00:00,443.63,22.17,35.17,63.14,32.33,32.26,60.13,43.55,182.39,44.14
2023-09-19 04:00:00+00:00,442.71,22.16,34.85,63.45,32.37,32.04,60.82,43.58,181.68,43.86
2023-09-20 04:00:00+00:00,438.64,22.05,34.76,62.6,32.41,32.29,61.11,43.6,179.86,43.53
2023-09-21 04:00:00+00:00,431.39,21.35,34.01,61.63,32.05,31.2,59.97,42.9,177.07,42.69
2023-09-22 04:00:00+00:00,430.42,21.64,33.95,61.8,32.01,31.17,59.98,42.82,176.67,44.03
2023-09-25 04:00:00+00:00,432.23,21.62,34.1,61.72,31.85,31.0,58.83,42.42,177.46,43.41
2023-09-26 04:00:00+00:00,425.88,21.34,33.56,60.77,31.55,30.43,58.17,41.8,174.36,42.91
2023-09-27 04:00:00+00:00,426.05,21.25,33.39,61.03,31.5,30.06,57.96,41.66,175.99,43.05
2023-09-28 04:00:00+00:00,428.52,21.63,33.73,61.15,31.73,30.46,58.47,42.1,177.58,42.96
2023-09-29 04:00:00+00:00,427.48,21.51,33.46,60.29,31.64,30.67,58.23,42.24,176.74,43.29
